transactionId,sourceTransactionId
bda106bf-c4df-409b-801a-ced7b337d47d,100004371571
fc20acee-4dc4-47ef-8be4-375ecb980aee,100004371572
e3f0f043-3984-4c81-a98d-36dda2e32af7,100004371573
93f09e7f-9f1c-49c6-a205-2a410b36b95c,100004371574
bedebae8-c32e-42eb-81e9-6a548fc1c53c,100004371575
73ffb581-0c14-43a1-8767-4b82d8db5d68,100004371576
152b501a-1ec1-4a04-aebf-ec219a3a138d,100004371577
84423a07-35b6-4f02-ad5c-2c5ed4062edb,100004371578
99bba044-5ef1-424b-b3be-14e69d9c9650,100004371579
7e0590f1-22d0-45ef-9991-7a3389c82120,100004371580
de6e7f81-e684-409c-98db-7a104374acef,100004371581
c3d1cd91-efc3-4e9e-8fd7-79cf06032d13,100004371582
263ab84f-63ea-4a32-86cb-c6f9b84af6c3,100004371583
4f389d1f-6d78-463a-a6dd-fe37b9bc82a5,100004371584
be9b85c3-8650-46a5-99ac-4e3c7b7dce25,100004371585
888bba26-5f96-4f4c-bf0f-b8ac7d86c61b,100004371586
0195f878-c515-4e2f-9979-ee5ce6f1d288,100004371587
b174d727-bfff-4aeb-bdce-f534b3f4b98c,100004371588
ef6f63fd-f3c4-40b2-9965-99cdef9c7fa1,100004371589
ca627a1b-ae37-4c2d-9102-4aa956b4d7af,100004371591
359cadec-93a3-43c1-896e-8c551105f15e,100004371592
7e9dcbd8-e62d-4744-b272-0f0f4382ef0d,100004371593
1ac8777a-f511-4b97-a69c-0bf630aec021,100004371594
1d2899e0-0ff5-4bc1-a1b3-3f1debbedd6a,100004371595
d9853bf7-0cb8-4954-9671-5040f85e245f,100004371596
9b022277-1708-4456-a1ca-eceebba72110,100004371597
c3caece5-435b-4a92-942d-1f489e1d3403,100004371598
61535303-6e22-4f62-a7b4-de53c4ec31f7,100004371599
e88bbe93-79e3-4ab1-9d0b-566eb495fab1,100004371600
7247c7fb-51aa-4360-abb3-17a74899fda4,100004371601
319220a7-3f63-42d9-93b8-92f154aa1029,100004371602
bda56886-3a63-4ac7-911d-0f9352dd896f,100004371603
7e853e6a-aeed-44b7-8d18-98f3d72e9650,100004371604
f5b5961a-f2dc-4b8a-9581-248f9a598e8a,100004371605
62cedf1b-742e-434e-88b1-cc244da899f6,100004371606
cb5b51ec-46e4-4f03-aefb-70759caa9c40,100004371607
6b893fb5-8796-4636-a5a3-303a2f6f34c5,100004371608
835ee730-b31f-4594-99d0-871fd0269805,100004371609
e0b5f044-99dd-40a7-92d3-f819436f5578,100004371610
f44f2790-7940-440a-9b8d-f968eacfa3de,100004371611
